{"cameraMode":{"drawMode":0,"name":"Shaded","section":"Shading Mode"},"sceneLighting":false,"audioPlay":false,"sceneViewState":{"showFog":true,"showMaterialUpdate":false,"showSkybox":false,"showFlares":true,"showImageEffects":true,"showParticleSystems":true},"in2DMode":false,"pivot":{"x":28.87771224975586,"y":3.439403533935547,"z":-30.083106994628908},"rotation":{"x":-0.3035871982574463,"y":-0.23074492812156678,"z":0.07603391259908676,"w":-0.9213157296180725},"size":39.332481384277347,"orthographic":false}