{"cameraMode":{"drawMode":0,"name":"Shaded","section":"Shading Mode"},"sceneLighting":true,"audioPlay":false,"sceneViewState":{"showFog":true,"showMaterialUpdate":false,"showSkybox":true,"showFlares":true,"showImageEffects":true,"showParticleSystems":true},"in2DMode":false,"pivot":{"x":11.541470527648926,"y":-66.70849609375,"z":176.08828735351563},"rotation":{"x":0.18491527438163758,"y":0.05863035470247269,"z":-0.011007934808731079,"w":0.9809842109680176},"size":123.16351318359375,"orthographic":false}