{"cameraMode":{"drawMode":0,"name":"Shaded","section":"Shading Mode"},"sceneLighting":false,"audioPlay":false,"sceneViewState":{"showFog":true,"showMaterialUpdate":false,"showSkybox":false,"showFlares":true,"showImageEffects":true,"showParticleSystems":true},"in2DMode":false,"pivot":{"x":-9.649999618530274,"y":-2.0504536628723146,"z":4.539999485015869},"rotation":{"x":-0.020707735791802408,"y":0.9392166137695313,"z":-0.3378569483757019,"w":-0.05754944682121277},"size":4.131641387939453,"orthographic":false}