{"cameraMode":{"drawMode":0,"name":"Shaded","section":"Shading Mode"},"sceneLighting":false,"audioPlay":false,"sceneViewState":{"showFog":true,"showMaterialUpdate":false,"showSkybox":false,"showFlares":true,"showImageEffects":true,"showParticleSystems":true},"in2DMode":false,"pivot":{"x":-2.778794765472412,"y":-2.091783046722412,"z":23.62738609313965},"rotation":{"x":-0.30891314148902895,"y":-0.24804405868053437,"z":0.08380176872015,"w":-0.9143502712249756},"size":5.12975549697876,"orthographic":false}